{"loss": 2.335330009460449, "epoch": 0, "batch": 0, "step": 0, "model_idx": 0, "d_weights": 0.0, "_timestamp": 1671128761.939477, "_runtime": 1.5097830295562744, "_step": 0, "_wandb": {"runtime": 11}}