{"loss": 0.12128236889839172, "epoch": 9, "batch": 900, "step": 9342, "model_idx": 9, "d_weights": 0.010998059064149857, "_timestamp": 1671126237.9185338, "_runtime": 157.05651688575745, "_step": 999, "_wandb": {"runtime": 199}}