{"loss": 2.324510097503662, "epoch": 0, "batch": 0, "step": 0, "model_idx": 0, "d_weights": 0.0, "_timestamp": 1671128914.7051132, "_runtime": 1.3868262767791748, "_step": 0, "_wandb": {"runtime": 14}}