{"loss": 0.04879280924797058, "epoch": 9, "batch": 900, "step": 9342, "model_idx": 9, "d_weights": 0.06618800014257431, "_timestamp": 1671138776.2981188, "_runtime": 236.73382186889648, "_step": 999, "_wandb": {"runtime": 238}}