{"loss": 0.1461411416530609, "epoch": 9, "batch": 900, "step": 9342, "model_idx": 9, "d_weights": 0.0016260442789644003, "_timestamp": 1671131457.977377, "_runtime": 145.83425998687744, "_step": 999, "_wandb": {"runtime": 152}}