{"loss": 0.14547477662563324, "epoch": 9, "batch": 900, "step": 9342, "model_idx": 9, "d_weights": 0.05171003192663193, "_timestamp": 1671135677.353215, "_runtime": 298.04486894607544, "_step": 999, "_wandb": {"runtime": 302}}