{"loss": 0.1095418930053711, "epoch": 9, "batch": 900, "step": 9342, "model_idx": 9, "d_weights": 0.00162023794837296, "_timestamp": 1671132099.7267299, "_runtime": 154.87420296669006, "_step": 999, "_wandb": {"runtime": 155}}