{"loss": 2.293447732925415, "epoch": 0, "batch": 0, "step": 0, "model_idx": 0, "d_weights": 0.0, "_timestamp": 1671128933.0001202, "_runtime": 1.4026262760162354, "_step": 0, "_wandb": {"runtime": 0}}