{"loss": 0.04841005802154541, "epoch": 9, "batch": 900, "step": 9342, "model_idx": 9, "d_weights": 0.17528364062309265, "_timestamp": 1671139052.366004, "_runtime": 249.3455638885498, "_step": 999, "_wandb": {"runtime": 250}}