{"loss": 2.2734954357147217, "epoch": 0, "batch": 0, "step": 0, "model_idx": 0, "d_weights": 0.0, "_timestamp": 1671128780.1542, "_runtime": 1.420861005783081, "_step": 0, "_wandb": {"runtime": 0}}