{"loss": 0.06254491209983826, "epoch": 9, "batch": 900, "step": 9342, "model_idx": 9, "d_weights": 0.0016002700431272388, "_timestamp": 1671132731.0667121, "_runtime": 188.37989807128906, "_step": 999, "_wandb": {"runtime": 718}}