{"loss": 0.07663174718618393, "epoch": 9, "batch": 900, "step": 9342, "model_idx": 9, "d_weights": 0.0016015350120142102, "_timestamp": 1671132338.769888, "_runtime": 233.08950901031494, "_step": 999, "_wandb": {"runtime": 233}}