{"loss": 2.3258354663848877, "epoch": 0, "batch": 0, "step": 0, "model_idx": 0, "d_weights": 0.0, "_timestamp": 1671128992.656236, "_runtime": 1.4176900386810303, "_step": 0, "_wandb": {"runtime": 147}}