{"loss": 0.16375118494033813, "epoch": 9, "batch": 900, "step": 9342, "model_idx": 9, "d_weights": 0.010473418980836868, "_timestamp": 1671129290.76561, "_runtime": 145.54789400100708, "_step": 999, "_wandb": {"runtime": 146}}