{"loss": 0.3786355257034302, "epoch": 1, "batch": 300, "step": 1238, "model_idx": 9, "d_weights": 10.289693832397461, "_timestamp": 1671142821.3317702, "_runtime": 26.239420175552368, "_step": 139}