{"loss": 0.08117908239364624, "epoch": 9, "batch": 900, "step": 9342, "model_idx": 9, "d_weights": 0.0016242740675807, "_timestamp": 1671132536.2202072, "_runtime": 190.53605318069458, "_step": 999, "_wandb": {"runtime": 191}}