{"loss": 0.04856369271874428, "epoch": 9, "batch": 900, "step": 9342, "model_idx": 9, "d_weights": 0.053973663598299026, "_timestamp": 1671138020.816384, "_runtime": 171.90569305419922, "_step": 999, "_wandb": {"runtime": 489}}