{"loss": 0.04573025554418564, "epoch": 9, "batch": 900, "step": 9342, "model_idx": 9, "d_weights": 0.06857461482286453, "_timestamp": 1671136030.6764019, "_runtime": 341.12776279449463, "_step": 999, "_wandb": {"runtime": 342}}