{"loss": 0.19527319073677063, "epoch": 24, "batch": 900, "step": 23412, "model_idx": 9, "d_weights": 12.497879028320312, "_timestamp": 1671142225.439123, "_runtime": 476.0799000263214, "_step": 2499, "_wandb": {"runtime": 475}}