{"loss": 0.10297509282827377, "epoch": 9, "batch": 900, "step": 9342, "model_idx": 9, "d_weights": 0.0016233843052759767, "_timestamp": 1671131938.7845829, "_runtime": 143.8598029613495, "_step": 999, "_wandb": {"runtime": 144}}