{"loss": 0.22143307328224182, "epoch": 9, "batch": 900, "step": 9342, "model_idx": 9, "d_weights": 1.3707325458526611, "_timestamp": 1671136533.0245938, "_runtime": 239.37684082984924, "_step": 999, "_wandb": {"runtime": 823}}