{"loss": 0.19527319073677063, "epoch": 24, "batch": 900, "step": 23412, "model_idx": 9, "d_weights": 12.497879028320312, "_timestamp": 1671141163.5649111, "_runtime": 677.7110781669617, "_step": 2499, "_wandb": {"runtime": 677}}